failed_login_count,successful_login_count,sudo_count,process_count,network_connection_count,unique_destination_ip_count,file_event_count,cron_event_count
2,9,4,67,53,2,55,4
3,1,5,149,47,14,91,0
1,5,3,85,11,4,22,3
0,2,2,122,53,6,29,1
1,9,5,43,10,11,10,0
1,4,3,31,15,8,71,5
0,7,5,66,36,7,51,2
0,1,4,63,25,11,17,1
0,10,2,64,45,13,92,2
1,7,4,125,32,12,14,4
1,5,2,79,29,6,17,5
0,5,0,48,28,7,82,5
0,3,3,41,70,6,32,5
3,9,3,115,43,11,97,2
0,8,3,94,27,4,54,0
2,9,5,139,24,11,33,0
3,7,5,126,67,10,34,3
0,9,0,126,70,10,93,3
3,10,4,86,14,11,18,0
2,7,5,120,25,7,24,5
2,6,1,41,58,8,36,4
3,8,4,52,40,8,89,2
3,4,1,38,13,3,51,0
0,9,1,97,11,5,23,0
0,10,0,104,70,7,75,0
0,8,1,84,30,9,13,0
1,4,3,123,55,4,23,5
2,1,5,82,45,8,32,3
0,9,0,46,77,3,42,2
3,9,1,70,27,1,70,5
3,6,1,147,17,1,78,2
0,5,0,129,24,11,77,3
2,2,1,65,47,11,27,5
1,7,2,103,31,5,21,4
3,3,3,147,44,7,54,5
3,2,2,79,67,10,78,5
3,8,5,113,53,2,22,1
3,3,4,86,49,4,63,3
2,8,4,96,12,4,43,1
0,6,2,105,74,5,89,3
0,4,5,100,54,3,11,3
2,4,1,122,56,3,87,4
2,2,2,40,23,15,46,1
3,7,3,43,72,5,87,3
3,3,5,35,67,3,93,2
3,10,3,70,33,9,77,3
0,6,2,73,49,15,76,4
0,4,1,87,16,10,62,5
2,10,2,82,38,10,40,1
3,1,2,132,17,10,40,3
2,5,3,80,10,8,72,4
0,1,5,123,31,1,48,2
3,2,4,61,80,7,84,2
0,10,1,120,22,14,32,0
3,4,0,117,30,3,43,4
0,9,4,39,16,3,40,4
0,3,2,111,45,11,84,0
1,1,3,126,32,7,79,2
2,1,2,144,64,15,75,5
0,3,1,108,63,13,33,1
1,7,3,113,35,6,99,3
1,2,0,112,53,4,21,3
3,4,1,72,20,15,60,1
2,8,2,60,28,6,89,5
0,7,5,99,32,11,14,4
1,10,4,84,46,14,85,4
0,4,1,34,68,14,23,4
1,10,1,59,76,4,100,4
1,2,3,41,52,13,40,5
1,1,0,65,36,5,44,0
3,10,2,112,13,9,26,4
0,10,4,110,59,4,57,0
0,4,5,83,21,9,55,2
2,3,4,87,11,14,79,2
0,9,4,40,80,5,57,1
2,10,0,53,43,13,72,0
3,8,5,59,55,10,47,3
2,8,1,88,71,7,15,0
0,8,5,53,20,14,33,4
1,5,1,52,47,1,80,0
0,9,5,130,12,1,95,0
3,9,0,116,36,15,55,1
0,10,2,44,28,12,75,4
3,3,4,56,22,2,33,3
2,4,4,110,76,15,97,5
2,10,1,36,77,4,14,0
2,6,0,147,42,6,68,3
1,5,4,68,40,8,57,4
3,6,0,72,31,5,93,5
3,3,4,86,65,4,99,2
1,10,2,147,23,15,96,1
0,8,5,80,54,15,62,0
2,7,5,142,39,4,87,4
0,2,1,83,53,2,27,3
3,4,2,134,21,14,96,1
3,4,5,45,17,7,48,1
0,3,0,58,80,14,59,0
2,2,4,109,63,6,29,1
2,6,3,60,73,4,24,5
0,9,1,131,28,12,65,4
3,9,1,61,61,1,14,4
3,8,5,149,14,13,39,2
1,8,1,149,45,10,84,5
3,8,2,134,74,10,72,5
1,3,3,141,28,14,99,0
0,5,1,121,54,6,36,3
0,8,4,70,62,6,15,2
2,8,1,30,16,2,58,3
1,6,5,85,64,15,46,5
1,7,2,45,11,14,78,0
0,1,4,82,74,4,16,1
0,7,5,104,17,4,87,4
1,2,0,93,49,13,48,3
3,10,1,128,69,5,86,2
3,3,5,101,77,7,57,3
2,3,0,30,77,4,94,1
0,10,5,142,75,14,49,0
1,10,2,80,18,7,88,1
3,3,1,98,40,7,90,3
2,10,2,79,54,4,54,5
0,2,2,140,21,1,30,1
1,7,0,117,46,15,39,5
3,5,1,54,39,14,100,2
3,6,0,108,46,13,49,3
1,2,0,33,61,14,43,2
0,4,0,136,16,12,59,1
1,5,2,127,80,8,12,3
3,1,1,62,48,1,92,0
2,1,0,83,31,6,94,1
1,4,1,141,28,5,85,5
1,10,0,41,23,6,76,3
3,8,5,38,11,4,35,1
2,3,1,120,37,5,46,4
2,8,2,60,69,5,74,4
1,4,2,73,45,14,73,2
1,1,5,82,41,6,65,0
3,7,3,58,36,3,81,5
1,7,1,102,13,1,68,1
1,5,1,109,80,14,43,2
1,6,3,75,77,5,11,3
0,4,3,101,13,5,45,0
3,8,3,135,45,5,98,4
0,9,5,87,61,7,26,0
2,8,0,101,50,7,66,1
3,5,4,59,48,14,41,5
3,8,2,49,47,7,50,0
3,7,1,63,40,15,10,2
2,3,3,101,70,1,61,1
2,3,4,108,18,12,88,1
2,7,4,32,70,3,86,4
0,5,4,93,78,8,20,5
0,3,0,66,11,4,20,0
1,9,2,75,29,2,37,1
2,2,5,88,77,9,41,0
3,6,1,66,22,9,39,3
0,8,4,137,73,4,53,0
1,3,0,81,22,12,73,5
1,3,5,43,29,1,38,2
2,8,5,70,41,4,94,2
0,9,5,120,79,11,37,4
2,5,2,57,66,7,93,3
1,9,5,149,67,3,69,4
2,6,1,121,52,11,23,2
2,2,5,77,12,10,82,2
1,9,1,120,12,12,97,1
3,8,0,61,54,13,39,0
2,5,1,44,19,11,85,0
1,7,2,120,33,8,95,2
3,9,2,79,14,14,34,0
0,7,4,104,51,14,24,3
3,2,4,63,32,7,37,1
1,7,4,118,32,7,30,4
0,6,3,149,42,10,97,1
3,2,1,43,38,1,97,3
1,2,0,72,58,15,87,2
3,4,5,92,50,14,56,1
2,6,2,148,75,12,51,2
0,3,5,69,48,3,31,1
3,9,5,140,41,8,93,3
0,6,1,135,71,12,60,1
1,4,1,59,35,1,58,4
2,8,2,95,47,7,84,5
2,6,2,128,32,13,16,5
2,1,1,114,10,12,28,0
0,8,0,109,77,5,45,0
0,2,3,73,77,14,87,0
0,8,3,77,15,12,60,3
0,3,0,109,37,1,29,4
2,2,0,88,69,11,22,1
0,6,4,92,58,6,72,0
3,4,0,111,74,10,61,3
1,1,1,146,43,8,88,1
1,2,1,64,32,8,69,1
0,8,1,102,74,1,42,4
1,6,2,35,65,15,44,0
2,4,0,133,32,7,28,4
2,9,0,84,43,15,21,3
0,9,3,44,14,15,69,1
3,8,2,79,38,1,62,1
2,1,0,59,55,12,55,1
3,9,4,133,39,1,71,3
2,6,4,38,41,10,16,2
1,4,3,140,51,6,41,5
3,2,5,135,59,15,85,0
3,7,5,82,33,9,51,5
3,6,5,40,59,5,35,4
1,10,5,127,34,1,77,2
3,5,4,135,63,11,47,2
0,10,0,124,78,13,84,2
0,8,3,32,49,11,65,2
2,1,5,30,16,12,27,4
0,6,5,124,35,14,65,1
3,4,5,114,56,10,66,2
1,7,4,129,37,9,82,3
0,3,0,92,32,8,23,1
0,6,1,81,21,1,51,4
0,10,5,59,58,11,96,3
1,7,1,76,60,6,84,1
2,9,1,82,26,9,38,0
3,10,4,67,66,14,43,2
2,9,0,123,68,8,20,4
3,1,0,34,24,14,33,5
1,5,1,76,38,14,33,3
3,9,2,51,18,3,18,3
1,1,5,91,57,5,61,0
0,1,0,71,36,4,84,5
3,9,3,138,30,12,52,3
1,5,2,113,16,7,38,1
0,8,1,84,72,15,88,1
3,10,4,120,16,12,46,4
0,9,0,134,40,11,73,3
2,6,4,71,19,13,52,2
2,1,0,71,66,3,59,3
3,3,2,60,56,1,12,5
0,2,5,43,45,5,38,3
0,10,2,132,38,6,15,0
3,7,2,124,45,14,60,3
0,3,0,136,26,13,68,2
3,5,1,61,71,6,86,0
0,8,4,103,52,4,84,2
0,9,4,83,20,12,77,5
0,8,2,99,61,4,92,5
1,1,0,62,18,7,25,4
2,7,4,76,40,8,12,4
2,1,5,108,14,6,28,4
1,5,0,137,25,1,70,4
2,7,5,98,75,3,40,1
3,4,2,118,72,14,84,5
1,2,4,112,12,4,35,0
0,6,2,41,60,15,42,4
3,10,2,83,57,4,66,4
1,5,4,76,16,14,80,4
0,7,4,55,21,10,93,3
0,4,0,72,20,4,34,4
1,6,5,77,66,12,39,0
1,8,0,84,66,15,65,2
3,7,3,40,38,2,76,1
1,6,0,105,78,2,80,5
1,1,3,68,42,10,85,1
1,8,3,66,12,13,99,4
2,1,4,56,22,4,61,1
3,10,2,108,51,8,55,0
1,10,3,131,17,11,12,5
2,10,0,119,37,9,97,0
0,7,2,120,79,5,26,4
0,3,1,149,58,6,80,4
0,5,4,68,74,5,44,4
1,7,1,118,59,4,68,4
0,4,4,141,21,15,99,5
3,6,0,32,76,13,35,3
1,3,3,57,28,5,83,2
1,8,4,95,62,5,43,4
2,2,2,37,19,14,57,2
0,6,2,127,25,15,12,4
2,10,0,56,60,9,32,0
3,4,4,77,49,3,64,2
0,1,5,103,38,14,98,2
1,4,5,73,23,10,50,3
1,1,2,52,31,6,60,4
2,3,0,51,74,9,68,3
0,10,1,37,12,6,45,2
2,6,1,64,51,6,12,1
0,8,2,120,38,6,85,3
0,5,2,142,38,10,46,4
1,1,0,59,27,8,52,3
1,7,3,121,32,12,28,3
2,9,1,43,51,10,57,5
2,10,1,98,50,7,27,4
3,1,1,42,73,11,32,0
2,6,0,143,18,8,66,3
0,5,2,49,27,3,21,2
1,9,3,123,43,15,78,0
3,10,3,45,71,11,23,5
0,7,2,141,56,14,86,0
2,10,4,93,38,1,17,5
2,6,0,137,10,12,43,5
3,3,0,97,16,3,63,0
3,7,5,118,14,7,97,2
2,10,0,126,13,11,26,1
1,1,5,94,10,1,71,3
0,3,2,50,28,7,53,5
0,6,2,128,69,7,55,4
1,5,5,51,77,10,13,0
3,8,1,131,48,6,66,1
2,4,4,98,52,15,80,4
1,1,0,68,71,14,18,3
3,6,3,148,78,7,72,3
0,3,3,142,12,15,81,1
2,6,1,72,20,1,48,1
1,3,4,128,12,7,75,0
3,7,0,62,19,14,16,1
0,7,0,71,79,5,93,4
3,4,1,100,76,1,26,2
2,2,4,103,64,9,23,2
2,9,5,56,49,12,64,2
3,2,3,146,71,7,27,5
0,1,3,112,46,4,68,4
0,5,3,70,50,4,63,2
2,9,5,127,60,11,66,4
1,6,4,41,44,1,99,1
3,2,3,118,44,1,44,1
2,6,2,118,61,1,82,0
0,4,5,47,33,2,90,3
0,5,5,48,30,3,85,3
2,5,1,64,64,7,91,2
2,7,2,84,20,1,25,4
0,1,2,47,72,15,82,2
1,9,1,54,75,5,11,0
2,6,3,89,60,1,43,2
2,9,3,81,12,7,19,1
2,9,0,129,40,10,62,4
3,2,2,93,18,1,11,0
0,8,5,66,12,7,25,0
3,5,2,140,59,13,12,4
1,8,1,82,18,7,66,4
1,9,2,56,45,6,53,3
0,10,0,87,30,9,40,5
1,7,5,120,56,11,59,2
1,8,0,135,16,7,34,4
3,7,5,31,53,2,31,2
3,3,0,71,20,2,68,2
0,2,2,32,27,9,62,1
1,10,1,122,62,11,53,2
2,8,4,98,61,13,68,2
3,5,3,67,52,8,65,1
2,2,5,150,22,9,89,3
0,3,3,70,48,5,29,3
0,5,0,116,28,7,86,5
0,4,3,113,78,10,37,5
1,9,2,114,40,11,58,0
0,6,3,127,42,8,40,3
1,7,5,125,45,11,25,4
3,10,3,101,57,10,59,5
1,2,1,96,29,5,75,2
2,2,0,43,64,15,69,5
2,10,3,84,20,12,100,5
2,6,3,117,68,8,33,5
3,7,2,142,29,11,22,4
3,3,2,91,67,6,52,0
2,1,5,47,39,4,86,3
1,8,4,124,65,13,95,0
2,8,5,47,17,4,48,3
3,5,2,75,27,11,44,0
1,9,0,141,43,10,92,1
1,3,0,127,40,15,10,3
2,10,1,142,77,14,14,4
2,2,1,61,44,13,46,4
2,4,1,89,31,2,27,1
3,1,4,37,32,2,82,1
3,4,2,147,77,3,67,1
2,4,2,49,43,2,98,2
0,10,3,73,55,3,55,4
3,2,0,57,65,15,96,1
2,9,1,118,58,14,49,0
0,2,4,125,65,14,100,3
2,1,1,42,13,3,27,0
2,9,5,52,42,14,50,2
1,4,3,119,28,10,28,3
2,4,3,44,50,15,78,0
0,5,2,144,32,6,31,3
2,8,2,111,77,8,24,2
1,8,0,106,63,7,21,1
0,1,5,66,48,9,89,3
2,2,2,43,33,15,99,2
1,3,4,105,35,13,83,2
3,3,2,122,42,1,79,4
3,9,5,140,76,13,50,2
0,7,2,97,76,12,95,0
3,2,1,90,10,5,44,5
2,4,2,136,71,3,45,2
0,2,5,69,45,5,30,5
1,7,2,97,70,13,67,3
2,9,1,32,12,15,94,0
1,3,5,99,72,7,88,2
0,3,3,120,16,2,48,3
3,8,5,69,20,3,67,0
0,2,3,85,19,5,21,5
3,9,4,133,48,12,17,4
3,2,1,78,38,15,50,3
0,9,4,66,72,12,29,5
3,7,2,130,54,4,68,0
2,4,4,99,17,9,86,1
1,9,3,89,42,4,100,4
1,3,4,123,26,13,99,4
0,9,5,94,37,15,58,2
0,5,1,125,66,6,94,2
3,2,1,72,59,9,52,0
1,4,4,38,56,6,95,5
1,6,2,129,40,15,94,4
0,8,5,148,12,7,77,2
0,5,4,42,15,9,61,1
0,2,5,46,51,14,57,0
2,6,3,148,14,6,41,3
2,8,5,69,34,6,86,1
3,2,5,143,12,5,98,4
0,6,4,144,13,10,38,0
3,5,3,137,36,14,16,0
3,8,3,102,15,12,34,5
2,7,3,95,77,8,68,2
2,10,1,144,63,15,96,1
2,9,2,126,74,6,67,3
1,7,3,58,26,4,76,2
1,5,1,45,23,9,21,1
3,7,5,81,20,9,57,5
2,4,0,92,33,14,43,4
2,2,2,57,10,6,38,1
0,9,4,102,66,15,71,1
1,9,0,98,60,8,54,4
2,5,1,49,18,15,15,0
0,7,3,52,18,6,30,4
2,6,4,64,50,7,19,2
1,5,4,77,20,13,52,2
1,7,0,65,80,2,82,0
2,3,3,34,77,5,61,4
2,5,0,30,77,1,54,3
1,3,1,76,22,5,35,0
2,4,0,73,71,7,21,1
3,5,4,80,61,9,41,1
0,2,3,148,63,3,47,4
2,10,4,79,73,7,43,5
3,9,3,66,50,5,32,2
0,2,5,50,21,5,96,3
1,4,2,85,22,4,61,0
0,5,5,104,70,4,92,1
3,7,3,66,60,6,73,5
0,6,3,148,16,7,63,1
1,8,2,78,49,2,23,4
0,10,3,122,73,14,96,3
2,10,3,79,45,7,93,0
1,10,2,141,10,1,29,2
3,2,0,132,22,3,91,5
2,10,1,115,44,11,14,3
3,2,2,68,51,7,16,2
1,10,1,31,73,4,33,2
3,3,3,30,66,1,59,5
0,1,5,91,23,13,69,3
0,2,5,87,31,15,95,0
3,1,4,97,20,6,47,2
3,9,3,69,80,15,31,1
0,4,5,149,18,6,39,3
3,2,0,43,22,2,81,3
0,7,2,127,74,1,51,5
2,2,0,125,19,14,72,5
1,9,1,31,46,3,79,0
0,2,5,147,10,6,96,0
0,9,2,147,77,5,96,1
1,2,5,131,30,15,83,2
3,5,5,44,36,13,85,0
2,7,0,35,66,14,62,5
1,7,2,77,28,13,87,4
2,3,3,112,68,6,70,2
3,9,3,78,55,14,77,4
2,5,2,46,59,4,47,2
1,8,1,95,67,12,59,3
0,3,0,135,18,1,24,4
3,8,5,33,60,7,72,3
0,7,0,48,48,2,96,0
1,10,5,124,37,9,34,1
2,5,0,90,37,3,68,3
1,10,0,78,14,3,53,3
0,5,0,83,54,15,39,4
3,9,1,113,65,12,42,0
1,4,1,110,24,8,86,3
3,1,3,66,28,11,63,0
3,1,2,100,37,7,90,2
3,2,3,94,50,15,46,2
2,7,1,43,37,3,34,5
3,2,0,129,57,8,64,1
3,2,3,68,70,5,90,5
2,6,5,53,12,9,56,3
2,2,2,69,65,14,10,5
1,8,3,43,15,12,17,2
1,4,4,85,31,12,79,3
2,3,4,113,36,8,94,0
2,2,4,56,11,13,43,5
3,3,3,49,10,3,41,2
0,10,1,82,72,10,36,4
0,2,5,49,13,11,58,2
0,4,5,131,46,9,81,3
2,7,5,132,79,2,84,3
2,5,1,86,24,11,43,2
0,4,5,108,32,3,52,4
3,9,3,82,25,2,76,0
2,8,2,43,52,4,100,0
2,10,4,128,68,13,22,1
3,7,3,62,29,1,32,3
3,4,0,57,60,3,93,0
0,3,1,109,52,5,11,5
1,6,0,86,42,12,96,0
3,5,1,37,75,5,19,3
3,10,4,122,69,7,90,1
1,7,5,117,51,8,11,2
1,2,5,113,11,8,84,5
0,6,2,143,72,1,69,5
2,3,0,80,55,13,70,0
1,4,2,64,15,7,78,2
0,6,0,64,78,11,42,0
0,8,4,149,20,1,81,5
3,1,3,76,53,12,57,0
3,5,3,61,61,13,58,3
1,2,4,98,64,11,37,4
1,7,2,96,26,14,31,3
1,5,0,67,44,2,85,4
1,10,5,100,43,5,30,1
2,2,0,121,47,5,38,0
3,1,1,61,51,11,18,2
0,7,3,35,11,15,70,2
3,8,5,76,13,2,31,0
3,1,0,130,13,14,52,5
0,3,1,132,46,3,41,3
1,7,5,88,51,9,86,5
3,9,4,129,20,6,26,1
2,8,0,89,47,4,38,2
2,6,5,56,55,9,83,0
1,7,1,105,65,2,43,2
1,5,4,98,56,10,52,3
0,6,2,50,64,6,98,4
2,6,5,143,10,12,69,2
0,3,4,73,17,11,79,1
1,1,1,143,67,13,83,0
3,3,4,110,11,5,86,1
1,8,0,140,47,13,94,2
1,6,1,36,20,8,37,2
0,10,0,97,46,3,72,5
0,3,4,123,58,3,56,4
1,7,0,90,15,15,54,1
2,2,3,78,36,7,25,2
0,3,3,129,38,14,21,2
0,1,2,111,12,9,16,2
1,9,3,65,66,5,35,2
1,1,5,41,54,8,99,2
0,10,1,110,42,13,82,4
2,10,0,94,31,4,97,1
0,9,3,130,42,8,52,5
2,6,4,124,68,1,23,3
2,8,1,50,31,14,89,0
0,5,1,143,23,7,93,1
1,2,2,76,45,3,92,0
1,9,5,96,21,8,85,5
0,7,3,81,20,6,38,4
0,10,2,62,26,5,88,1
2,8,4,104,36,2,91,3
1,8,4,112,44,8,45,2
1,4,5,112,61,1,93,1
0,8,2,54,78,6,89,5
1,2,2,57,71,3,28,0
1,5,2,142,26,7,72,4
0,10,4,39,28,14,12,1
1,2,2,129,42,8,72,3
0,8,0,43,17,7,42,3
3,5,2,88,38,12,24,5
0,1,5,64,44,13,13,3
1,9,4,117,58,9,42,3
0,1,5,122,66,8,57,0
1,9,2,32,66,3,76,3
0,5,5,74,24,15,86,1
0,7,3,118,28,10,54,1
1,2,4,117,72,2,93,4
3,1,1,107,31,1,93,2
3,10,0,125,46,1,85,5
2,7,2,44,16,15,13,2
0,6,4,128,13,14,95,4
2,9,2,52,46,14,22,5
3,8,1,98,61,15,98,5
1,6,1,149,13,8,39,1
1,5,4,143,47,13,68,0
3,7,5,45,57,8,57,5
0,9,1,148,48,4,24,2
2,9,2,93,64,15,73,3
3,7,2,100,60,9,90,2
0,5,2,46,34,9,93,5
0,8,4,35,32,15,74,5
0,8,5,39,51,3,52,5
0,8,3,111,52,4,49,1
1,1,1,112,12,7,92,1
2,4,0,68,11,5,50,1
2,9,1,145,32,1,81,3
2,6,2,104,53,8,99,2
0,9,1,72,19,5,82,1
1,10,0,38,80,6,10,4
3,7,4,141,73,7,45,4
2,10,4,35,37,7,87,5
2,8,0,97,30,14,52,2
0,6,3,136,36,12,72,0
3,10,1,92,52,1,13,2
0,3,4,33,10,11,34,2
2,6,2,87,47,8,64,5
3,4,0,102,55,8,93,3
1,6,4,30,49,10,95,5
2,6,3,132,34,13,38,1
3,2,1,80,72,7,22,3
1,6,1,72,66,3,44,5
0,4,1,43,21,3,16,5
2,9,1,135,76,3,94,4
0,8,0,136,79,7,86,4
2,7,4,36,22,6,40,2
1,3,4,71,26,5,15,5
2,3,2,136,40,3,33,5
1,5,1,89,76,11,100,3
0,7,0,59,48,15,23,3
1,3,3,127,30,4,41,1
2,4,0,100,71,3,84,4
3,3,2,44,43,14,90,1
2,2,1,101,21,7,92,4
2,3,0,48,46,2,100,5
0,6,1,59,64,8,86,2
1,9,4,54,40,14,50,3
1,8,4,42,20,6,32,5
3,8,5,84,71,10,23,4
2,1,3,146,64,11,48,2
3,1,5,54,49,10,59,3
3,8,2,39,43,15,17,5
3,5,3,144,68,3,28,5
0,2,2,79,78,15,82,4
1,10,1,125,61,10,96,4
2,7,3,149,11,10,99,1
2,3,4,66,55,13,20,3
0,3,5,74,10,8,62,5
3,9,5,40,34,7,41,0
1,9,5,137,38,8,21,2
2,9,1,149,56,14,48,1
0,1,5,39,17,6,82,0
1,7,1,76,33,12,17,4
1,6,3,111,69,7,59,3
2,7,5,53,25,15,66,2
0,9,5,106,20,14,90,5
3,9,1,88,45,6,47,1
2,2,5,144,68,15,47,0
0,6,0,126,63,3,99,3
1,10,4,45,49,14,99,5
2,4,5,145,56,5,93,5
3,4,0,75,46,13,42,5
2,9,2,33,53,2,54,1
3,1,2,60,48,4,31,0
2,4,4,115,66,3,40,1
2,10,0,86,50,9,57,0
0,4,1,93,32,14,90,0
2,3,2,111,22,2,75,2
3,8,0,66,77,4,40,3
0,9,5,43,59,2,82,0
1,1,2,134,20,13,73,5
0,8,4,101,56,10,46,3
0,8,0,81,34,14,62,4
1,3,0,132,66,1,19,3
1,5,2,83,44,9,49,5
2,7,1,53,17,11,88,3
1,10,5,64,57,8,71,2
3,9,2,104,49,11,79,0
3,10,0,100,36,13,21,5
3,1,2,145,54,3,20,4
1,1,3,41,80,15,33,3
3,5,1,55,55,1,37,5
0,1,5,44,26,8,67,4
1,2,5,109,76,3,95,2
3,10,5,88,22,3,12,0
1,7,5,117,71,12,77,2
0,10,0,84,16,9,51,5
0,10,4,150,37,13,80,0
2,8,3,41,18,7,47,1
1,3,5,150,25,13,90,0
2,6,4,35,43,2,11,4
3,10,0,96,72,14,38,1
2,8,4,39,72,15,11,3
1,1,1,47,14,9,82,2
3,4,2,45,54,6,100,1
2,4,1,118,80,5,24,1
0,7,4,70,19,10,55,0
3,4,1,53,47,15,90,5
1,5,5,42,66,2,70,5
1,9,0,75,66,3,73,5
1,2,2,62,49,15,89,1
3,7,0,46,39,3,88,1
3,2,2,68,36,12,24,4
3,4,1,39,16,12,50,4
1,7,5,110,23,13,26,4
0,3,4,81,59,3,12,4
1,8,3,108,42,10,94,0
2,1,0,115,76,15,51,1
0,7,1,46,17,9,44,2
1,2,1,116,62,10,11,5
1,5,5,34,70,13,46,1
2,10,1,38,12,1,63,1
0,8,2,109,67,9,75,1
1,10,3,90,59,4,76,4
1,9,5,35,39,10,90,4
3,4,0,104,35,5,44,3
2,6,0,145,48,14,67,0
2,6,4,87,56,15,100,2
0,4,4,34,26,8,86,5
1,4,4,112,18,7,96,2
3,7,1,144,26,9,26,1
0,6,4,124,39,8,81,0
1,10,1,115,49,14,94,2
0,4,0,40,39,3,49,0
0,2,1,126,20,11,43,3
3,5,0,34,77,9,95,2
0,9,1,31,28,1,17,0
3,7,0,47,38,11,76,1
2,3,2,58,56,14,66,5
2,10,1,87,62,7,19,1
3,4,5,134,74,11,92,4
0,4,1,137,76,3,21,3
2,7,3,32,15,11,40,4
0,1,5,141,67,15,27,0
3,5,1,90,62,5,72,5
3,5,0,94,33,3,36,2
3,5,2,95,54,11,72,5
1,7,3,41,33,6,56,1
1,3,1,107,43,9,74,4
2,1,1,64,29,12,77,0
3,7,1,52,50,15,18,1
0,3,4,114,52,11,98,4
1,8,1,32,44,4,92,0
2,9,4,66,43,9,61,2
0,8,3,47,76,11,18,4
2,3,3,46,80,1,68,3
1,6,0,60,49,13,80,4
0,5,5,94,27,14,32,2
0,8,4,97,20,4,56,4
1,6,3,61,18,7,80,5
2,8,1,49,62,13,89,4
1,8,5,109,61,14,97,1
3,7,2,88,38,13,94,1
1,10,3,133,48,4,25,5
0,7,4,116,52,1,94,4
1,4,2,110,36,2,56,1
3,10,1,45,75,9,36,4
2,10,3,113,44,7,85,2
2,10,5,31,73,9,11,3
1,8,5,92,66,13,85,0
1,9,5,95,66,11,78,0
2,10,3,80,56,12,18,1
2,10,0,133,57,2,40,2
1,10,0,107,35,7,96,3
3,5,3,59,78,7,82,0
2,8,5,123,25,10,83,4
0,8,2,126,30,14,27,4
0,5,3,37,27,13,61,0
0,10,4,111,56,3,48,4
1,4,4,127,30,5,41,3
3,9,3,42,29,6,84,1
2,8,2,140,12,10,27,2
2,10,5,92,76,2,62,3
0,6,4,108,76,3,10,1
2,10,3,90,43,8,22,3
2,10,2,90,70,11,60,5
0,8,0,132,61,11,67,1
0,5,5,93,31,4,60,1
1,6,5,53,73,8,24,2
3,10,4,135,52,5,81,2
2,6,4,51,45,12,81,4
2,8,2,43,42,3,49,5
2,8,0,93,36,2,38,4
1,4,4,126,20,11,50,3
0,4,0,77,29,4,49,3
0,6,0,70,58,6,17,2
3,8,1,83,41,3,27,1
1,10,3,32,42,6,60,4
3,6,2,101,34,15,68,4
1,3,0,110,33,1,22,0
1,5,4,42,12,1,26,5
0,1,2,148,15,14,33,3
0,7,0,70,57,7,44,2
2,5,2,101,37,4,61,0
2,6,0,32,24,14,52,2
1,2,2,140,63,1,98,1
0,4,2,136,30,2,36,1
2,6,2,100,76,4,47,2
3,2,0,30,35,12,45,0
0,7,2,57,60,1,50,3
1,1,5,70,41,8,29,5
3,2,4,41,54,6,23,2
1,1,4,89,16,7,75,0
1,9,4,67,32,2,65,4
1,9,2,121,36,9,97,0
0,10,1,90,41,8,64,3
0,4,3,35,22,13,61,0
2,3,5,36,66,8,68,1
1,3,0,132,16,5,74,3
3,6,1,123,18,8,73,1
0,6,1,49,77,11,42,2
2,2,5,138,13,15,32,1
1,8,1,38,39,5,12,4
3,6,0,101,11,13,94,4
0,8,3,66,39,9,67,5
1,10,5,45,55,4,54,4
2,10,2,34,76,4,91,1
2,6,1,81,11,7,16,2
2,5,4,72,29,6,76,4
0,1,4,47,68,13,35,3
0,6,2,36,77,9,71,3
1,10,3,121,62,8,10,5
3,10,0,104,80,6,93,4
3,1,1,39,66,13,74,3
3,8,2,43,70,12,22,0
1,6,0,80,45,10,63,5
3,10,5,75,21,10,56,5
3,3,5,137,50,9,27,3
3,2,5,129,72,9,21,0
0,4,1,148,20,4,52,5
1,1,1,63,77,14,86,0
0,8,5,70,67,11,88,1
1,8,1,90,11,9,48,4
0,10,5,111,64,5,56,0
1,2,0,41,24,3,78,4
2,7,5,73,36,4,89,4
3,1,4,88,74,13,27,3
1,8,2,95,19,1,80,3
1,10,2,88,43,14,75,3
2,9,4,115,22,2,21,1
2,9,0,91,68,14,75,4
0,3,5,90,74,3,64,2
1,10,5,42,54,15,41,3
3,1,5,116,72,15,47,4
2,8,5,35,58,4,87,4
1,3,4,115,38,15,59,4
3,8,0,116,51,1,37,3
0,6,5,55,49,4,36,2
0,4,1,111,29,7,85,0
0,9,4,67,55,12,86,2
3,6,4,79,53,11,64,2
0,6,1,125,71,15,97,5
3,1,3,136,45,7,25,1
2,8,4,63,24,12,68,3
1,2,1,72,25,14,21,3
3,3,4,93,69,4,72,5
2,6,4,91,10,7,76,5
3,5,3,81,46,13,92,0
2,3,0,90,23,5,42,4
2,8,5,100,19,9,15,0
0,4,4,142,21,2,98,4
0,10,3,45,47,11,19,0
2,8,2,111,47,1,96,1
1,4,5,34,62,7,84,2
3,2,1,83,45,4,13,2
3,10,4,99,77,7,44,1
3,6,5,112,51,11,74,1
0,5,1,91,38,10,70,3
1,7,0,57,36,1,20,1
1,10,3,30,54,13,25,1
3,2,5,108,59,2,43,0
2,4,2,85,13,4,90,3
1,8,3,112,29,15,90,0
3,5,2,57,19,1,50,2
1,2,0,53,70,11,37,3
2,5,1,51,37,13,61,4
1,5,1,61,71,13,22,2
0,6,1,37,22,4,21,4
1,9,0,74,61,15,30,3
2,3,1,34,33,7,33,2
1,10,3,69,31,2,89,3
3,10,0,112,64,13,57,3
1,4,0,130,15,5,60,2
2,4,2,116,66,9,62,2
0,4,0,88,58,2,69,5
2,1,3,124,46,4,85,1
0,6,0,44,60,2,71,0
2,1,0,149,56,8,29,2
0,1,0,66,64,2,48,4
3,10,5,47,35,8,42,0
1,4,2,30,55,3,84,3
1,1,3,93,11,10,91,2
1,5,4,116,76,1,79,2
1,7,1,95,42,5,61,3
2,2,4,49,21,9,55,2
1,3,5,44,77,11,19,0
2,6,2,134,20,6,43,0
1,10,3,54,36,9,49,5
0,7,1,70,60,13,12,1
2,8,4,144,30,13,97,2
3,5,5,137,75,5,48,1
0,2,1,66,67,8,11,3
0,6,1,121,71,2,52,2
1,9,5,49,79,8,45,4
2,10,4,37,67,15,73,0
2,6,0,36,14,5,96,0
1,2,0,110,55,6,64,3
3,10,5,70,67,14,77,3
1,5,2,102,66,15,53,1
3,5,0,30,51,14,65,4
2,4,2,59,79,3,44,5
2,4,5,87,64,5,49,3
1,8,4,145,41,15,94,0
0,10,5,32,74,6,16,3
0,10,4,104,30,5,97,2
2,3,4,97,70,9,52,1
1,2,0,126,78,6,28,0
0,9,1,98,26,4,43,5
3,9,3,137,54,7,22,4
3,10,1,134,22,2,51,0
3,7,1,78,47,14,26,3
1,6,2,36,67,8,38,2
3,6,0,135,55,11,13,4
2,4,5,74,58,9,30,5
2,2,3,70,18,8,27,5
2,8,2,87,53,7,46,0
0,6,4,119,53,8,27,5
1,10,5,128,65,11,86,2
0,7,4,126,73,7,46,5
2,8,1,97,10,8,85,2
3,7,2,98,70,12,98,3
1,9,3,79,77,13,65,4
2,3,5,64,40,11,57,4
0,8,2,145,47,3,11,0
2,3,5,117,29,1,89,0
3,2,2,146,68,9,61,2
0,1,0,95,55,4,42,4
0,3,3,125,21,13,21,5
2,4,0,69,52,12,42,1
3,3,3,126,10,7,51,4
1,2,4,60,10,8,83,3
1,6,3,107,75,10,54,0
3,7,5,61,73,15,42,1
2,7,2,50,57,2,59,0
1,2,5,57,29,1,81,1
1,3,0,32,43,11,90,4
3,2,5,150,67,4,53,1
2,10,4,100,13,8,30,1
3,2,3,50,56,7,93,2
0,7,4,110,43,9,61,1
0,9,0,57,74,8,30,1
0,10,3,52,65,2,39,5
1,1,2,81,34,13,95,4
1,4,5,121,22,9,99,1
1,9,0,114,60,3,17,2
1,3,0,39,72,14,89,5
2,9,4,137,75,3,13,3
2,6,5,141,22,14,70,1
2,8,5,47,15,15,21,1
0,10,3,115,78,8,95,1
0,1,1,102,42,6,46,3
3,1,0,88,61,4,34,3
2,1,3,134,23,6,98,1
2,6,0,114,24,5,22,5
1,8,2,103,26,1,53,0
3,3,3,101,18,1,21,1
1,7,1,96,31,8,14,5
1,10,5,108,44,13,35,4
3,4,4,113,51,6,67,3
0,5,1,140,22,11,89,4
2,9,0,116,50,9,88,0
2,8,3,68,55,9,89,5
0,6,1,97,23,9,68,5
2,6,1,126,21,15,75,5
1,6,0,62,71,10,77,3
2,5,2,78,32,9,42,5
2,2,0,143,20,12,40,0
1,6,4,124,43,15,40,4
2,6,5,73,69,4,51,5
2,4,3,139,47,8,71,2
3,1,1,71,30,13,33,3
0,10,5,77,32,8,31,2
1,8,4,105,76,7,17,2
0,10,5,127,26,5,21,0
0,9,3,110,78,1,53,3
1,1,5,80,79,12,86,1
3,7,4,145,15,6,20,1
0,3,2,48,20,6,59,3
2,10,0,82,18,14,53,3
1,3,5,45,52,10,91,5
3,9,3,88,30,5,50,2
3,7,3,147,68,9,37,5
0,2,2,139,55,13,56,5
3,7,3,68,57,8,70,2
2,3,5,32,20,9,46,3
2,4,5,31,42,3,65,0
2,3,1,62,50,11,58,0
3,3,0,64,60,3,20,1
0,4,1,105,77,3,55,1
2,8,5,48,77,2,63,0
1,2,2,101,44,10,88,1
0,1,3,76,77,9,83,3
0,3,5,71,12,10,42,4
0,7,5,123,28,8,64,1
0,1,2,89,35,11,79,5
1,3,1,129,35,15,31,4
1,3,5,39,32,12,70,2
3,2,0,99,17,10,62,4
1,2,1,95,28,10,65,1
3,9,4,118,40,3,69,0
